Company Name,Symbol,Industry,Sector Index,Peers
ABB India Ltd.,ABB,Capital Goods,NIFTY INDIA MANUFACTURING,CG Power and Industrial Solutions Ltd., Bharat Heavy Electricals Ltd., GE Vernova T&D India Ltd., Hitachi Energy India Ltd., Inox Wind Ltd., Siemens Ltd., Suzlon Energy Ltd., Thermax Ltd., Triveni Turbine Ltd., APL Apollo Tubes Ltd., Welspun Corp Ltd.
Adani Energy Solutions Ltd.,ADANIENSOL,Power,NIFTY ENERGY,Adani Green Energy Ltd., Adani Power Ltd., CESC Ltd., JSW Energy Ltd., Jaiprakash Power Ventures Ltd., NHPC Ltd., NLC India Ltd., NTPC Ltd., Power Grid Corporation of India Ltd., Reliance Power Ltd., SJVN Ltd., Tata Power Co. Ltd., Torrent Power Ltd.
Adani Green Energy Ltd.,ADANIGREEN,Power,NIFTY ENERGY,Adani Energy Solutions Ltd., Adani Power Ltd., CESC Ltd., JSW Energy Ltd., Jaiprakash Power Ventures Ltd., NHPC Ltd., NLC India Ltd., NTPC Ltd., Power Grid Corporation of India Ltd., Reliance Power Ltd., SJVN Ltd., Tata Power Co. Ltd., Torrent Power Ltd.
Adani Power Ltd.,ADANIPOWER,Power,NIFTY ENERGY,Adani Energy Solutions Ltd., Adani Green Energy Ltd., CESC Ltd., JSW Energy Ltd., Jaiprakash Power Ventures Ltd., NHPC Ltd., NLC India Ltd., NTPC Ltd., Power Grid Corporation of India Ltd., Reliance Power Ltd., SJVN Ltd., Tata Power Co. Ltd., Torrent Power Ltd.
Adani Total Gas Ltd.,ATGL,Oil Gas & Consumable Fuels,NIFTY ENERGY,Aegis Logistics Ltd., Bharat Petroleum Corporation Ltd., Castrol India Ltd., Coal India Ltd., GAIL (India) Ltd., Gujarat Gas Ltd., Gujarat State Petronet Ltd., Hindustan Petroleum Corporation Ltd., Indian Oil Corporation Ltd., Indraprastha Gas Ltd., Mahanagar Gas Ltd., Oil & Natural Gas Corporation Ltd., Oil India Ltd., Petronet LNG Ltd., Reliance Industries Ltd.
Aegis Logistics Ltd.,AEGISLOG,Oil Gas & Consumable Fuels,NIFTY ENERGY,Adani Total Gas Ltd., Bharat Petroleum Corporation Ltd., Castrol India Ltd., Coal India Ltd., GAIL (India) Ltd., Gujarat Gas Ltd., Gujarat State Petronet Ltd., Hindustan Petroleum Corporation Ltd., Indian Oil Corporation Ltd., Indraprastha Gas Ltd., Mahanagar Gas Ltd., Oil & Natural Gas Corporation Ltd., Oil India Ltd., Petronet LNG Ltd., Reliance Industries Ltd.
Bharat Heavy Electricals Ltd.,BHEL,Capital Goods,NIFTY INDIA MANUFACTURING,ABB India Ltd., CG Power and Industrial Solutions Ltd., GE Vernova T&D India Ltd., Hitachi Energy India Ltd., Inox Wind Ltd., Siemens Ltd., Suzlon Energy Ltd., Thermax Ltd., Triveni Turbine Ltd., APL Apollo Tubes Ltd., Welspun Corp Ltd.
Bharat Petroleum Corporation Ltd.,BPCL,Oil Gas & Consumable Fuels,NIFTY ENERGY,Adani Total Gas Ltd., Aegis Logistics Ltd., Castrol India Ltd., Coal India Ltd., GAIL (India) Ltd., Gujarat Gas Ltd., Gujarat State Petronet Ltd., Hindustan Petroleum Corporation Ltd., Indian Oil Corporation Ltd., Indraprastha Gas Ltd., Mahanagar Gas Ltd., Oil & Natural Gas Corporation Ltd., Oil India Ltd., Petronet LNG Ltd., Reliance Industries Ltd.
CESC Ltd.,CESC,Power,NIFTY ENERGY,Adani Energy Solutions Ltd., Adani Green Energy Ltd., Adani Power Ltd., JSW Energy Ltd., Jaiprakash Power Ventures Ltd., NHPC Ltd., NLC India Ltd., NTPC Ltd., Power Grid Corporation of India Ltd., Reliance Power Ltd., SJVN Ltd., Tata Power Co. Ltd., Torrent Power Ltd.
CG Power and Industrial Solutions Ltd.,CGPOWER,Capital Goods,NIFTY INDIA MANUFACTURING,ABB India Ltd., Bharat Heavy Electricals Ltd., GE Vernova T&D India Ltd., Hitachi Energy India Ltd., Inox Wind Ltd., Siemens Ltd., Suzlon Energy Ltd., Thermax Ltd., Triveni Turbine Ltd., APL Apollo Tubes Ltd., Welspun Corp Ltd.
Castrol India Ltd.,CASTROLIND,Oil Gas & Consumable Fuels,NIFTY ENERGY,Adani Total Gas Ltd., Aegis Logistics Ltd., Bharat Petroleum Corporation Ltd., Coal India Ltd., GAIL (India) Ltd., Gujarat Gas Ltd., Gujarat State Petronet Ltd., Hindustan Petroleum Corporation Ltd., Indian Oil Corporation Ltd., Indraprastha Gas Ltd., Mahanagar Gas Ltd., Oil & Natural Gas Corporation Ltd., Oil India Ltd., Petronet LNG Ltd., Reliance Industries Ltd.
Coal India Ltd.,COALINDIA,Oil Gas & Consumable Fuels,NIFTY ENERGY,Adani Total Gas Ltd., Aegis Logistics Ltd., Bharat Petroleum Corporation Ltd., Castrol India Ltd., GAIL (India) Ltd., Gujarat Gas Ltd., Gujarat State Petronet Ltd., Hindustan Petroleum Corporation Ltd., Indian Oil Corporation Ltd., Indraprastha Gas Ltd., Mahanagar Gas Ltd., Oil & Natural Gas Corporation Ltd., Oil India Ltd., Petronet LNG Ltd., Reliance Industries Ltd.
GAIL (India) Ltd.,GAIL,Oil Gas & Consumable Fuels,NIFTY ENERGY,Adani Total Gas Ltd., Aegis Logistics Ltd., Bharat Petroleum Corporation Ltd., Castrol India Ltd., Coal India Ltd., Gujarat Gas Ltd., Gujarat State Petronet Ltd., Hindustan Petroleum Corporation Ltd., Indian Oil Corporation Ltd., Indraprastha Gas Ltd., Mahanagar Gas Ltd., Oil & Natural Gas Corporation Ltd., Oil India Ltd., Petronet LNG Ltd., Reliance Industries Ltd.
GE Vernova T&D India Ltd.,GVT&D,Capital Goods,NIFTY INDIA MANUFACTURING,ABB India Ltd., Bharat Heavy Electricals Ltd., CG Power and Industrial Solutions Ltd., Hitachi Energy India Ltd., Inox Wind Ltd., Siemens Ltd., Suzlon Energy Ltd., Thermax Ltd., Triveni Turbine Ltd., APL Apollo Tubes Ltd., Welspun Corp Ltd.
Gujarat Gas Ltd.,GUJGASLTD,Oil Gas & Consumable Fuels,NIFTY ENERGY,Adani Total Gas Ltd., Aegis Logistics Ltd., Bharat Petroleum Corporation Ltd., Castrol India Ltd., Coal India Ltd., GAIL (India) Ltd., Gujarat State Petronet Ltd., Hindustan Petroleum Corporation Ltd., Indian Oil Corporation Ltd., Indraprastha Gas Ltd., Mahanagar Gas Ltd., Oil & Natural Gas Corporation Ltd., Oil India Ltd., Petronet LNG Ltd., Reliance Industries Ltd.
Gujarat State Petronet Ltd.,GSPL,Oil Gas & Consumable Fuels,NIFTY ENERGY,Adani Total Gas Ltd., Aegis Logistics Ltd., Bharat Petroleum Corporation Ltd., Castrol India Ltd., Coal India Ltd., GAIL (India) Ltd., Gujarat Gas Ltd., Hindustan Petroleum Corporation Ltd., Indian Oil Corporation Ltd., Indraprastha Gas Ltd., Mahanagar Gas Ltd., Oil & Natural Gas Corporation Ltd., Oil India Ltd., Petronet LNG Ltd., Reliance Industries Ltd.
Hindustan Petroleum Corporation Ltd.,HINDPETRO,Oil Gas & Consumable Fuels,NIFTY ENERGY,Adani Total Gas Ltd., Aegis Logistics Ltd., Bharat Petroleum Corporation Ltd., Castrol India Ltd., Coal India Ltd., GAIL (India) Ltd., Gujarat Gas Ltd., Gujarat State Petronet Ltd., Indian Oil Corporation Ltd., Indraprastha Gas Ltd., Mahanagar Gas Ltd., Oil & Natural Gas Corporation Ltd., Oil India Ltd., Petronet LNG Ltd., Reliance Industries Ltd.
Hitachi Energy India Ltd.,POWERINDIA,Capital Goods,NIFTY INDIA MANUFACTURING,ABB India Ltd., Bharat Heavy Electricals Ltd., CG Power and Industrial Solutions Ltd., GE Vernova T&D India Ltd., Inox Wind Ltd., Siemens Ltd., Suzlon Energy Ltd., Thermax Ltd., Triveni Turbine Ltd., APL Apollo Tubes Ltd., Welspun Corp Ltd.
Indian Oil Corporation Ltd.,IOC,Oil Gas & Consumable Fuels,NIFTY ENERGY,Adani Total Gas Ltd., Aegis Logistics Ltd., Bharat Petroleum Corporation Ltd., Castrol India Ltd., Coal India Ltd., GAIL (India) Ltd., Gujarat Gas Ltd., Gujarat State Petronet Ltd., Hindustan Petroleum Corporation Ltd., Indraprastha Gas Ltd., Mahanagar Gas Ltd., Oil & Natural Gas Corporation Ltd., Oil India Ltd., Petronet LNG Ltd., Reliance Industries Ltd.
Indraprastha Gas Ltd.,IGL,Oil Gas & Consumable Fuels,NIFTY ENERGY,Adani Total Gas Ltd., Aegis Logistics Ltd., Bharat Petroleum Corporation Ltd., Castrol India Ltd., Coal India Ltd., GAIL (India) Ltd., Gujarat Gas Ltd., Gujarat State Petronet Ltd., Hindustan Petroleum Corporation Ltd., Indian Oil Corporation Ltd., Mahanagar Gas Ltd., Oil & Natural Gas Corporation Ltd., Oil India Ltd., Petronet LNG Ltd., Reliance Industries Ltd.
Inox Wind Ltd.,INOXWIND,Capital Goods,NIFTY INDIA MANUFACTURING,ABB India Ltd., Bharat Heavy Electricals Ltd., CG Power and Industrial Solutions Ltd., GE Vernova T&D India Ltd., Hitachi Energy India Ltd., Siemens Ltd., Suzlon Energy Ltd., Thermax Ltd., Triveni Turbine Ltd., APL Apollo Tubes Ltd., Welspun Corp Ltd.
JSW Energy Ltd.,JSWENERGY,Power,NIFTY ENERGY,Adani Energy Solutions Ltd., Adani Green Energy Ltd., Adani Power Ltd., CESC Ltd., Jaiprakash Power Ventures Ltd., NHPC Ltd., NLC India Ltd., NTPC Ltd., Power Grid Corporation of India Ltd., Reliance Power Ltd., SJVN Ltd., Tata Power Co. Ltd., Torrent Power Ltd.
Jaiprakash Power Ventures Ltd.,JPPOWER,Power,NIFTY ENERGY,Adani Energy Solutions Ltd., Adani Green Energy Ltd., Adani Power Ltd., CESC Ltd., JSW Energy Ltd., NHPC Ltd., NLC India Ltd., NTPC Ltd., Power Grid Corporation of India Ltd., Reliance Power Ltd., SJVN Ltd., Tata Power Co. Ltd., Torrent Power Ltd.
Mahanagar Gas Ltd.,MGL,Oil Gas & Consumable Fuels,NIFTY ENERGY,Adani Total Gas Ltd., Aegis Logistics Ltd., Bharat Petroleum Corporation Ltd., Castrol India Ltd., Coal India Ltd., GAIL (India) Ltd., Gujarat Gas Ltd., Gujarat State Petronet Ltd., Hindustan Petroleum Corporation Ltd., Indian Oil Corporation Ltd., Indraprastha Gas Ltd., Oil & Natural Gas Corporation Ltd., Oil India Ltd., Petronet LNG Ltd., Reliance Industries Ltd.
NHPC Ltd.,NHPC,Power,NIFTY ENERGY,Adani Energy Solutions Ltd., Adani Green Energy Ltd., Adani Power Ltd., CESC Ltd., JSW Energy Ltd., Jaiprakash Power Ventures Ltd., NLC India Ltd., NTPC Ltd., Power Grid Corporation of India Ltd., Reliance Power Ltd., SJVN Ltd., Tata Power Co. Ltd., Torrent Power Ltd.
NLC India Ltd.,NLCINDIA,Power,NIFTY ENERGY,Adani Energy Solutions Ltd., Adani Green Energy Ltd., Adani Power Ltd., CESC Ltd., JSW Energy Ltd., Jaiprakash Power Ventures Ltd., NHPC Ltd., NTPC Ltd., Power Grid Corporation of India Ltd., Reliance Power Ltd., SJVN Ltd., Tata Power Co. Ltd., Torrent Power Ltd.
NTPC Ltd.,NTPC,Power,NIFTY ENERGY,Adani Energy Solutions Ltd., Adani Green Energy Ltd., Adani Power Ltd., CESC Ltd., JSW Energy Ltd., Jaiprakash Power Ventures Ltd., NHPC Ltd., NLC India Ltd., Power Grid Corporation of India Ltd., Reliance Power Ltd., SJVN Ltd., Tata Power Co. Ltd., Torrent Power Ltd.
Oil & Natural Gas Corporation Ltd.,ONGC,Oil Gas & Consumable Fuels,NIFTY ENERGY,Adani Total Gas Ltd., Aegis Logistics Ltd., Bharat Petroleum Corporation Ltd., Castrol India Ltd., Coal India Ltd., GAIL (India) Ltd., Gujarat Gas Ltd., Gujarat State Petronet Ltd., Hindustan Petroleum Corporation Ltd., Indian Oil Corporation Ltd., Indraprastha Gas Ltd., Mahanagar Gas Ltd., Oil India Ltd., Petronet LNG Ltd., Reliance Industries Ltd.
Oil India Ltd.,OIL,Oil Gas & Consumable Fuels,NIFTY ENERGY,Adani Total Gas Ltd., Aegis Logistics Ltd., Bharat Petroleum Corporation Ltd., Castrol India Ltd., Coal India Ltd., GAIL (India) Ltd., Gujarat Gas Ltd., Gujarat State Petronet Ltd., Hindustan Petroleum Corporation Ltd., Indian Oil Corporation Ltd., Indraprastha Gas Ltd., Mahanagar Gas Ltd., Oil & Natural Gas Corporation Ltd., Petronet LNG Ltd., Reliance Industries Ltd.
Petronet LNG Ltd.,PETRONET,Oil Gas & Consumable Fuels,NIFTY ENERGY,Adani Total Gas Ltd., Aegis Logistics Ltd., Bharat Petroleum Corporation Ltd., Castrol India Ltd., Coal India Ltd., GAIL (India) Ltd., Gujarat Gas Ltd., Gujarat State Petronet Ltd., Hindustan Petroleum Corporation Ltd., Indian Oil Corporation Ltd., Indraprastha Gas Ltd., Mahanagar Gas Ltd., Oil & Natural Gas Corporation Ltd., Oil India Ltd., Reliance Industries Ltd.
Power Grid Corporation of India Ltd.,POWERGRID,Power,NIFTY ENERGY,Adani Energy Solutions Ltd., Adani Green Energy Ltd., Adani Power Ltd., CESC Ltd., JSW Energy Ltd., Jaiprakash Power Ventures Ltd., NHPC Ltd., NLC India Ltd., NTPC Ltd., Reliance Power Ltd., SJVN Ltd., Tata Power Co. Ltd., Torrent Power Ltd.
Reliance Industries Ltd.,RELIANCE,Oil Gas & Consumable Fuels,NIFTY ENERGY,Adani Total Gas Ltd., Aegis Logistics Ltd., Bharat Petroleum Corporation Ltd., Castrol India Ltd., Coal India Ltd., GAIL (India) Ltd., Gujarat Gas Ltd., Gujarat State Petronet Ltd., Hindustan Petroleum Corporation Ltd., Indian Oil Corporation Ltd., Indraprastha Gas Ltd., Mahanagar Gas Ltd., Oil & Natural Gas Corporation Ltd., Oil India Ltd., Petronet LNG Ltd.
Reliance Power Ltd.,RPOWER,Power,NIFTY ENERGY,Adani Energy Solutions Ltd., Adani Green Energy Ltd., Adani Power Ltd., CESC Ltd., JSW Energy Ltd., Jaiprakash Power Ventures Ltd., NHPC Ltd., NLC India Ltd., NTPC Ltd., Power Grid Corporation of India Ltd., SJVN Ltd., Tata Power Co. Ltd., Torrent Power Ltd.
SJVN Ltd.,SJVN,Power,NIFTY ENERGY,Adani Energy Solutions Ltd., Adani Green Energy Ltd., Adani Power Ltd., CESC Ltd., JSW Energy Ltd., Jaiprakash Power Ventures Ltd., NHPC Ltd., NLC India Ltd., NTPC Ltd., Power Grid Corporation of India Ltd., Reliance Power Ltd., Tata Power Co. Ltd., Torrent Power Ltd.
Siemens Ltd.,SIEMENS,Capital Goods,NIFTY INDIA MANUFACTURING,ABB India Ltd., Bharat Heavy Electricals Ltd., CG Power and Industrial Solutions Ltd., GE Vernova T&D India Ltd., Hitachi Energy India Ltd., Inox Wind Ltd., Suzlon Energy Ltd., Thermax Ltd., Triveni Turbine Ltd., APL Apollo Tubes Ltd., Welspun Corp Ltd.
Suzlon Energy Ltd.,SUZLON,Capital Goods,NIFTY INDIA MANUFACTURING,ABB India Ltd., Bharat Heavy Electricals Ltd., CG Power and Industrial Solutions Ltd., GE Vernova T&D India Ltd., Hitachi Energy India Ltd., Inox Wind Ltd., Siemens Ltd., Thermax Ltd., Triveni Turbine Ltd., APL Apollo Tubes Ltd., Welspun Corp Ltd.
Tata Power Co. Ltd.,TATAPOWER,Power,NIFTY ENERGY,Adani Energy Solutions Ltd., Adani Green Energy Ltd., Adani Power Ltd., CESC Ltd., JSW Energy Ltd., Jaiprakash Power Ventures Ltd., NHPC Ltd., NLC India Ltd., NTPC Ltd., Power Grid Corporation of India Ltd., Reliance Power Ltd., SJVN Ltd., Torrent Power Ltd.
Thermax Ltd.,THERMAX,Capital Goods,NIFTY INDIA MANUFACTURING,ABB India Ltd., Bharat Heavy Electricals Ltd., CG Power and Industrial Solutions Ltd., GE Vernova T&D India Ltd., Hitachi Energy India Ltd., Inox Wind Ltd., Siemens Ltd., Suzlon Energy Ltd., Triveni Turbine Ltd., APL Apollo Tubes Ltd., Welspun Corp Ltd.
Torrent Power Ltd.,TORNTPOWER,Power,NIFTY ENERGY,Adani Energy Solutions Ltd., Adani Green Energy Ltd., Adani Power Ltd., CESC Ltd., JSW Energy Ltd., Jaiprakash Power Ventures Ltd., NHPC Ltd., NLC India Ltd., NTPC Ltd., Power Grid Corporation of India Ltd., Reliance Power Ltd., SJVN Ltd., Tata Power Co. Ltd.
Triveni Turbine Ltd.,TRITURBINE,Capital Goods,NIFTY INDIA MANUFACTURING,ABB India Ltd., Bharat Heavy Electricals Ltd., CG Power and Industrial Solutions Ltd., GE Vernova T&D India Ltd., Hitachi Energy India Ltd., Inox Wind Ltd., Siemens Ltd., Suzlon Energy Ltd., Thermax Ltd., APL Apollo Tubes Ltd., Welspun Corp Ltd.
Adani Ports and Special Economic Zone Ltd.,ADANIPORTS,Services,NIFTY SERVICES,InterGlobe Aviation Ltd.
Ambuja Cements Ltd.,AMBUJACEM,Construction Materials,NIFTY CEMENT,Grasim Industries Ltd., Shree Cement Ltd., UltraTech Cement Ltd.
Apollo Hospitals Enterprise Ltd.,APOLLOHOSP,Healthcare,NIFTY PHARMA,Max Healthcare Institute Ltd.
Ashok Leyland Ltd.,ASHOKLEY,Capital Goods,NIFTY INDIA MANUFACTURING,ABB India Ltd., Bharat Heavy Electricals Ltd., CG Power and Industrial Solutions Ltd., GE Vernova T&D India Ltd., Hitachi Energy India Ltd., Inox Wind Ltd., Siemens Ltd., Suzlon Energy Ltd., Thermax Ltd., Triveni Turbine Ltd., APL Apollo Tubes Ltd., Welspun Corp Ltd.
Bharat Forge Ltd.,BHARATFORG,Automobile and Auto Components,NIFTY AUTO,Bajaj Auto Ltd., Balkrishna Industries Ltd., Bosch Ltd., Eicher Motors Ltd., Exide Industries Ltd., Hero MotoCorp Ltd., MRF Ltd., Mahindra & Mahindra Ltd., Maruti Suzuki India Ltd., Samvardhana Motherson International Ltd., TVS Motor Company Ltd., Tata Motors Ltd., Tube Investments of India Ltd.
Bharti Airtel Ltd.,BHARTIARTL,Telecommunication,NIFTY TELECOM,Indus Towers Ltd.
Cummins India Ltd.,CUMMINSIND,Capital Goods,NIFTY INDIA MANUFACTURING,ABB India Ltd., Bharat Heavy Electricals Ltd., CG Power and Industrial Solutions Ltd., GE Vernova T&D India Ltd., Hitachi Energy India Ltd., Inox Wind Ltd., Siemens Ltd., Suzlon Energy Ltd., Thermax Ltd., Triveni Turbine Ltd., APL Apollo Tubes Ltd., Welspun Corp Ltd.
DLF Ltd.,DLF,Realty,NIFTY REALTY,Anant Raj Ltd., Brigade Enterprises Ltd., Godrej Properties Ltd., Lodha Developers Ltd., Oberoi Realty Ltd., Phoenix Mills Ltd., Prestige Estates Projects Ltd., Raymond Ltd., Sobha Ltd.
Godrej Properties Ltd.,GODREJPROP,Realty,NIFTY REALTY,Anant Raj Ltd., Brigade Enterprises Ltd., DLF Ltd., Lodha Developers Ltd., Oberoi Realty Ltd., Phoenix Mills Ltd., Prestige Estates Projects Ltd., Raymond Ltd., Sobha Ltd.
Grasim Industries Ltd.,GRASIM,Construction Materials,NIFTY CEMENT,Ambuja Cements Ltd., Shree Cement Ltd., UltraTech Cement Ltd.
Hindalco Industries Ltd.,HINDALCO,Metals & Mining,NIFTY METAL,Adani Enterprises Ltd., Hindustan Copper Ltd., Hindustan Zinc Ltd., JSW Steel Ltd., Jindal Stainless Ltd., Jindal Steel & Power Ltd., Lloyds Metals And Energy Ltd., NMDC Ltd., National Aluminium Co. Ltd., Steel Authority of India Ltd., Tata Steel Ltd., Vedanta Ltd., Welspun Corp Ltd.
Indian Hotels Co. Ltd.,INDHOTEL,Consumer Services,NIFTY SERVICES,InterGlobe Aviation Ltd.
Indus Towers Ltd.,INDUSTOWER,Telecommunication,NIFTY TELECOM,Bharti Airtel Ltd.
InterGlobe Aviation Ltd.,INDIGO,Services,NIFTY SERVICES,Adani Ports and Special Economic Zone Ltd.
Larsen & Toubro Ltd.,LT,Construction,NIFTY INFRA,
Max Healthcare Institute Ltd.,MAXHEALTH,Healthcare,NIFTY PHARMA,Apollo Hospitals Enterprise Ltd.
Shree Cement Ltd.,SHREECEM,Construction Materials,NIFTY CEMENT,Ambuja Cements Ltd., Grasim Industries Ltd., UltraTech Cement Ltd.
UltraTech Cement Ltd.,ULTRACEMCO,Construction Materials,NIFTY CEMENT,Ambuja Cements Ltd., Grasim Industries Ltd., Shree Cement Ltd.
APL Apollo Tubes Ltd.,APLAPOLLO,Capital Goods,NIFTY INDIA MANUFACTURING,ABB India Ltd., Bharat Heavy Electricals Ltd., CG Power and Industrial Solutions Ltd., GE Vernova T&D India Ltd., Hitachi Energy India Ltd., Inox Wind Ltd., Siemens Ltd., Suzlon Energy Ltd., Thermax Ltd., Triveni Turbine Ltd., Welspun Corp Ltd.
Adani Enterprises Ltd.,ADANIENT,Metals & Mining,NIFTY METAL,Hindalco Industries Ltd., Hindustan Copper Ltd., Hindustan Zinc Ltd., JSW Steel Ltd., Jindal Stainless Ltd., Jindal Steel & Power Ltd., Lloyds Metals And Energy Ltd., NMDC Ltd., National Aluminium Co. Ltd., Steel Authority of India Ltd., Tata Steel Ltd., Vedanta Ltd., Welspun Corp Ltd.
Hindustan Copper Ltd.,HINDCOPPER,Metals & Mining,NIFTY METAL,Adani Enterprises Ltd., Hindalco Industries Ltd., Hindustan Zinc Ltd., JSW Steel Ltd., Jindal Stainless Ltd., Jindal Steel & Power Ltd., Lloyds Metals And Energy Ltd., NMDC Ltd., National Aluminium Co. Ltd., Steel Authority of India Ltd., Tata Steel Ltd., Vedanta Ltd., Welspun Corp Ltd.
Hindustan Zinc Ltd.,HINDZINC,Metals & Mining,NIFTY METAL,Adani Enterprises Ltd., Hindalco Industries Ltd., Hindustan Copper Ltd., JSW Steel Ltd., Jindal Stainless Ltd., Jindal Steel & Power Ltd., Lloyds Metals And Energy Ltd., NMDC Ltd., National Aluminium Co. Ltd., Steel Authority of India Ltd., Tata Steel Ltd., Vedanta Ltd., Welspun Corp Ltd.
JSW Steel Ltd.,JSWSTEEL,Metals & Mining,NIFTY METAL,Adani Enterprises Ltd., Hindalco Industries Ltd., Hindustan Copper Ltd., Hindustan Zinc Ltd., Jindal Stainless Ltd., Jindal Steel & Power Ltd., Lloyds Metals And Energy Ltd., NMDC Ltd., National Aluminium Co. Ltd., Steel Authority of India Ltd., Tata Steel Ltd., Vedanta Ltd., Welspun Corp Ltd.
Jindal Stainless Ltd.,JSL,Metals & Mining,NIFTY METAL,Adani Enterprises Ltd., Hindalco Industries Ltd., Hindustan Copper Ltd., Hindustan Zinc Ltd., JSW Steel Ltd., Jindal Steel & Power Ltd., Lloyds Metals And Energy Ltd., NMDC Ltd., National Aluminium Co. Ltd., Steel Authority of India Ltd., Tata Steel Ltd., Vedanta Ltd., Welspun Corp Ltd.
Jindal Steel & Power Ltd.,JINDALSTEL,Metals & Mining,NIFTY METAL,Adani Enterprises Ltd., Hindalco Industries Ltd., Hindustan Copper Ltd., Hindustan Zinc Ltd., JSW Steel Ltd., Jindal Stainless Ltd., Lloyds Metals And Energy Ltd., NMDC Ltd., National Aluminium Co. Ltd., Steel Authority of India Ltd., Tata Steel Ltd., Vedanta Ltd., Welspun Corp Ltd.
Lloyds Metals And Energy Ltd.,LLOYDSME,Metals & Mining,NIFTY METAL,Adani Enterprises Ltd., Hindalco Industries Ltd., Hindustan Copper Ltd., Hindustan Zinc Ltd., JSW Steel Ltd., Jindal Stainless Ltd., Jindal Steel & Power Ltd., NMDC Ltd., National Aluminium Co. Ltd., Steel Authority of India Ltd., Tata Steel Ltd., Vedanta Ltd., Welspun Corp Ltd.
NMDC Ltd.,NMDC,Metals & Mining,NIFTY METAL,Adani Enterprises Ltd., Hindalco Industries Ltd., Hindustan Copper Ltd., Hindustan Zinc Ltd., JSW Steel Ltd., Jindal Stainless Ltd., Jindal Steel & Power Ltd., Lloyds Metals And Energy Ltd., National Aluminium Co. Ltd., Steel Authority of India Ltd., Tata Steel Ltd., Vedanta Ltd., Welspun Corp Ltd.
National Aluminium Co. Ltd.,NATIONALUM,Metals & Mining,NIFTY METAL,Adani Enterprises Ltd., Hindalco Industries Ltd., Hindustan Copper Ltd., Hindustan Zinc Ltd., JSW Steel Ltd., Jindal Stainless Ltd., Jindal Steel & Power Ltd., Lloyds Metals And Energy Ltd., NMDC Ltd., Steel Authority of India Ltd., Tata Steel Ltd., Vedanta Ltd., Welspun Corp Ltd.
Steel Authority of India Ltd.,SAIL,Metals & Mining,NIFTY METAL,Adani Enterprises Ltd., Hindalco Industries Ltd., Hindustan Copper Ltd., Hindustan Zinc Ltd., JSW Steel Ltd., Jindal Stainless Ltd., Jindal Steel & Power Ltd., Lloyds Metals And Energy Ltd., NMDC Ltd., National Aluminium Co. Ltd., Tata Steel Ltd., Vedanta Ltd., Welspun Corp Ltd.
Tata Steel Ltd.,TATASTEEL,Metals & Mining,NIFTY METAL,Adani Enterprises Ltd., Hindalco Industries Ltd., Hindustan Copper Ltd., Hindustan Zinc Ltd., JSW Steel Ltd., Jindal Stainless Ltd., Jindal Steel & Power Ltd., Lloyds Metals And Energy Ltd., NMDC Ltd., National Aluminium Co. Ltd., Steel Authority of India Ltd., Vedanta Ltd., Welspun Corp Ltd.
Vedanta Ltd.,VEDL,Metals & Mining,NIFTY METAL,Adani Enterprises Ltd., Hindalco Industries Ltd., Hindustan Copper Ltd., Hindustan Zinc Ltd., JSW Steel Ltd., Jindal Stainless Ltd., Jindal Steel & Power Ltd., Lloyds Metals And Energy Ltd., NMDC Ltd., National Aluminium Co. Ltd., Steel Authority of India Ltd., Tata Steel Ltd., Welspun Corp Ltd.
Welspun Corp Ltd.,WELCORP,Capital Goods,NIFTY INDIA MANUFACTURING,ABB India Ltd., Bharat Heavy Electricals Ltd., CG Power and Industrial Solutions Ltd., GE Vernova T&D India Ltd., Hitachi Energy India Ltd., Inox Wind Ltd., Siemens Ltd., Suzlon Energy Ltd., Thermax Ltd., Triveni Turbine Ltd., APL Apollo Tubes Ltd.
Anant Raj Ltd.,ANANTRAJ,Realty,NIFTY REALTY,Brigade Enterprises Ltd., DLF Ltd., Godrej Properties Ltd., Lodha Developers Ltd., Oberoi Realty Ltd., Phoenix Mills Ltd., Prestige Estates Projects Ltd., Raymond Ltd., Sobha Ltd.
Brigade Enterprises Ltd.,BRIGADE,Realty,NIFTY REALTY,Anant Raj Ltd., DLF Ltd., Godrej Properties Ltd., Lodha Developers Ltd., Oberoi Realty Ltd., Phoenix Mills Ltd., Prestige Estates Projects Ltd., Raymond Ltd., Sobha Ltd.
Lodha Developers Ltd.,LODHA,Realty,NIFTY REALTY,Anant Raj Ltd., Brigade Enterprises Ltd., DLF Ltd., Godrej Properties Ltd., Oberoi Realty Ltd., Phoenix Mills Ltd., Prestige Estates Projects Ltd., Raymond Ltd., Sobha Ltd.
Oberoi Realty Ltd.,OBEROIRLTY,Realty,NIFTY REALTY,Anant Raj Ltd., Brigade Enterprises Ltd., DLF Ltd., Godrej Properties Ltd., Lodha Developers Ltd., Phoenix Mills Ltd., Prestige Estates Projects Ltd., Raymond Ltd., Sobha Ltd.
Phoenix Mills Ltd.,PHOENIXLTD,Realty,NIFTY REALTY,Anant Raj Ltd., Brigade Enterprises Ltd., DLF Ltd., Godrej Properties Ltd., Lodha Developers Ltd., Oberoi Realty Ltd., Prestige Estates Projects Ltd., Raymond Ltd., Sobha Ltd.
Prestige Estates Projects Ltd.,PRESTIGE,Realty,NIFTY REALTY,Anant Raj Ltd., Brigade Enterprises Ltd., DLF Ltd., Godrej Properties Ltd., Lodha Developers Ltd., Oberoi Realty Ltd., Phoenix Mills Ltd., Raymond Ltd., Sobha Ltd.
Raymond Ltd.,RAYMOND,Realty,NIFTY REALTY,Anant Raj Ltd., Brigade Enterprises Ltd., DLF Ltd., Godrej Properties Ltd., Lodha Developers Ltd., Oberoi Realty Ltd., Phoenix Mills Ltd., Prestige Estates Projects Ltd., Sobha Ltd.
Sobha Ltd.,SOBHA,Realty,NIFTY REALTY,Anant Raj Ltd., Brigade Enterprises Ltd., DLF Ltd., Godrej Properties Ltd., Lodha Developers Ltd., Oberoi Realty Ltd., Phoenix Mills Ltd., Prestige Estates Projects Ltd., Raymond Ltd.
D.B.Corp Ltd.,DBCORP,Media Entertainment & Publication,NIFTY MEDIA,Dish TV India Ltd., Hathway Cable & Datacom Ltd., Nazara Technologies Ltd., Network18 Media & Investments Ltd., PVR INOX Ltd., Saregama India Ltd, Sun TV Network Ltd., Tips Music Ltd., Zee Entertainment Enterprises Ltd.
Dish TV India Ltd.,DISHTV,Media Entertainment & Publication,NIFTY MEDIA,D.B.Corp Ltd., Hathway Cable & Datacom Ltd., Nazara Technologies Ltd., Network18 Media & Investments Ltd., PVR INOX Ltd., Saregama India Ltd, Sun TV Network Ltd., Tips Music Ltd., Zee Entertainment Enterprises Ltd.
Hathway Cable & Datacom Ltd.,HATHWAY,Media Entertainment & Publication,NIFTY MEDIA,D.B.Corp Ltd., Dish TV India Ltd., Nazara Technologies Ltd., Network18 Media & Investments Ltd., PVR INOX Ltd., Saregama India Ltd, Sun TV Network Ltd., Tips Music Ltd., Zee Entertainment Enterprises Ltd.
Nazara Technologies Ltd.,NAZARA,Media Entertainment & Publication,NIFTY MEDIA,D.B.Corp Ltd., Dish TV India Ltd., Hathway Cable & Datacom Ltd., Network18 Media & Investments Ltd., PVR INOX Ltd., Saregama India Ltd, Sun TV Network Ltd., Tips Music Ltd., Zee Entertainment Enterprises Ltd.
Network18 Media & Investments Ltd.,NETWORK18,Media Entertainment & Publication,NIFTY MEDIA,D.B.Corp Ltd., Dish TV India Ltd., Hathway Cable & Datacom Ltd., Nazara Technologies Ltd., PVR INOX Ltd., Saregama India Ltd, Sun TV Network Ltd., Tips Music Ltd., Zee Entertainment Enterprises Ltd.
PVR INOX Ltd.,PVRINOX,Media Entertainment & Publication,NIFTY MEDIA,D.B.Corp Ltd., Dish TV India Ltd., Hathway Cable & Datacom Ltd., Nazara Technologies Ltd., Network18 Media & Investments Ltd., Saregama India Ltd, Sun TV Network Ltd., Tips Music Ltd., Zee Entertainment Enterprises Ltd.
Saregama India Ltd,SAREGAMA,Media Entertainment & Publication,NIFTY MEDIA,D.B.Corp Ltd., Dish TV India Ltd., Hathway Cable & Datacom Ltd., Nazara Technologies Ltd., Network18 Media & Investments Ltd., PVR INOX Ltd., Sun TV Network Ltd., Tips Music Ltd., Zee Entertainment Enterprises Ltd.
Sun TV Network Ltd.,SUNTV,Media Entertainment & Publication,NIFTY MEDIA,D.B.Corp Ltd., Dish TV India Ltd., Hathway Cable & Datacom Ltd., Nazara Technologies Ltd., Network18 Media & Investments Ltd., PVR INOX Ltd., Saregama India Ltd, Tips Music Ltd., Zee Entertainment Enterprises Ltd.
Tips Music Ltd.,TIPSMUSIC,Media Entertainment & Publication,NIFTY MEDIA,D.B.Corp Ltd., Dish TV India Ltd., Hathway Cable & Datacom Ltd., Nazara Technologies Ltd., Network18 Media & Investments Ltd., PVR INOX Ltd., Saregama India Ltd, Sun TV Network Ltd., Zee Entertainment Enterprises Ltd.
Zee Entertainment Enterprises Ltd.,ZEEL,Media Entertainment & Publication,NIFTY MEDIA,D.B.Corp Ltd., Dish TV India Ltd., Hathway Cable & Datacom Ltd., Nazara Technologies Ltd., Network18 Media & Investments Ltd., PVR INOX Ltd., Saregama India Ltd, Sun TV Network Ltd., Tips Music Ltd.
Coforge Ltd.,COFORGE,Information Technology,NIFTY IT,HCL Technologies Ltd., Infosys Ltd., LTIMindtree Ltd., MphasiS Ltd., Oracle Financial Services Software Ltd., Persistent Systems Ltd., Tata Consultancy Services Ltd., Tech Mahindra Ltd., Wipro Ltd.
HCL Technologies Ltd.,HCLTECH,Information Technology,NIFTY IT,Coforge Ltd., Infosys Ltd., LTIMindtree Ltd., MphasiS Ltd., Oracle Financial Services Software Ltd., Persistent Systems Ltd., Tata Consultancy Services Ltd., Tech Mahindra Ltd., Wipro Ltd.
Infosys Ltd.,INFY,Information Technology,NIFTY IT,Coforge Ltd., HCL Technologies Ltd., LTIMindtree Ltd., MphasiS Ltd., Oracle Financial Services Software Ltd., Persistent Systems Ltd., Tata Consultancy Services Ltd., Tech Mahindra Ltd., Wipro Ltd.
LTIMindtree Ltd.,LTIM,Information Technology,NIFTY IT,Coforge Ltd., HCL Technologies Ltd., Infosys Ltd., MphasiS Ltd., Oracle Financial Services Software Ltd., Persistent Systems Ltd., Tata Consultancy Services Ltd., Tech Mahindra Ltd., Wipro Ltd.
MphasiS Ltd.,MPHASIS,Information Technology,NIFTY IT,Coforge Ltd., HCL Technologies Ltd., Infosys Ltd., LTIMindtree Ltd., Oracle Financial Services Software Ltd., Persistent Systems Ltd., Tata Consultancy Services Ltd., Tech Mahindra Ltd., Wipro Ltd.
Oracle Financial Services Software Ltd.,OFSS,Information Technology,NIFTY IT,Coforge Ltd., HCL Technologies Ltd., Infosys Ltd., LTIMindtree Ltd., MphasiS Ltd., Persistent Systems Ltd., Tata Consultancy Services Ltd., Tech Mahindra Ltd., Wipro Ltd.
Persistent Systems Ltd.,PERSISTENT,Information Technology,NIFTY IT,Coforge Ltd., HCL Technologies Ltd., Infosys Ltd., LTIMindtree Ltd., MphasiS Ltd., Oracle Financial Services Software Ltd., Tata Consultancy Services Ltd., Tech Mahindra Ltd., Wipro Ltd.
Tata Consultancy Services Ltd.,TCS,Information Technology,NIFTY IT,Coforge Ltd., HCL Technologies Ltd., Infosys Ltd., LTIMindtree Ltd., MphasiS Ltd., Oracle Financial Services Software Ltd., Persistent Systems Ltd., Tech Mahindra Ltd., Wipro Ltd.
Tech Mahindra Ltd.,TECHM,Information Technology,NIFTY IT,Coforge Ltd., HCL Technologies Ltd., Infosys Ltd., LTIMindtree Ltd., MphasiS Ltd., Oracle Financial Services Software Ltd., Persistent Systems Ltd., Tata Consultancy Services Ltd., Wipro Ltd.
Wipro Ltd.,WIPRO,Information Technology,NIFTY IT,Coforge Ltd., HCL Technologies Ltd., Infosys Ltd., LTIMindtree Ltd., MphasiS Ltd., Oracle Financial Services Software Ltd., Persistent Systems Ltd., Tata Consultancy Services Ltd., Tech Mahindra Ltd.
Britannia Industries Ltd.,BRITANNIA,Fast Moving Consumer Goods,NIFTY FMCG,Colgate Palmolive (India) Ltd., Dabur India Ltd., Emami Ltd., Godrej Consumer Products Ltd., Hindustan Unilever Ltd., ITC Ltd., Marico Ltd., Nestle India Ltd., Patanjali Foods Ltd., Radico Khaitan Ltd, Tata Consumer Products Ltd., United Breweries Ltd., United Spirits Ltd., Varun Beverages Ltd.
Colgate Palmolive (India) Ltd.,COLPAL,Fast Moving Consumer Goods,NIFTY FMCG,Britannia Industries Ltd., Dabur India Ltd., Emami Ltd., Godrej Consumer Products Ltd., Hindustan Unilever Ltd., ITC Ltd., Marico Ltd., Nestle India Ltd., Patanjali Foods Ltd., Radico Khaitan Ltd, Tata Consumer Products Ltd., United Breweries Ltd., United Spirits Ltd., Varun Beverages Ltd.
Dabur India Ltd.,DABUR,Fast Moving Consumer Goods,NIFTY FMCG,Britannia Industries Ltd., Colgate Palmolive (India) Ltd., Emami Ltd., Godrej Consumer Products Ltd., Hindustan Unilever Ltd., ITC Ltd., Marico Ltd., Nestle India Ltd., Patanjali Foods Ltd., Radico Khaitan Ltd, Tata Consumer Products Ltd., United Breweries Ltd., United Spirits Ltd., Varun Beverages Ltd.
Emami Ltd.,EMAMILTD,Fast Moving Consumer Goods,NIFTY FMCG,Britannia Industries Ltd., Colgate Palmolive (India) Ltd., Dabur India Ltd., Godrej Consumer Products Ltd., Hindustan Unilever Ltd., ITC Ltd., Marico Ltd., Nestle India Ltd., Patanjali Foods Ltd., Radico Khaitan Ltd, Tata Consumer Products Ltd., United Breweries Ltd., United Spirits Ltd., Varun Beverages Ltd.
Godrej Consumer Products Ltd.,GODREJCP,Fast Moving Consumer Goods,NIFTY FMCG,Britannia Industries Ltd., Colgate Palmolive (India) Ltd., Dabur India Ltd., Emami Ltd., Hindustan Unilever Ltd., ITC Ltd., Marico Ltd., Nestle India Ltd., Patanjali Foods Ltd., Radico Khaitan Ltd, Tata Consumer Products Ltd., United Breweries Ltd., United Spirits Ltd., Varun Beverages Ltd.
Hindustan Unilever Ltd.,HINDUNILVR,Fast Moving Consumer Goods,NIFTY FMCG,Britannia Industries Ltd., Colgate Palmolive (India) Ltd., Dabur India Ltd., Emami Ltd., Godrej Consumer Products Ltd., ITC Ltd., Marico Ltd., Nestle India Ltd., Patanjali Foods Ltd., Radico Khaitan Ltd, Tata Consumer Products Ltd., United Breweries Ltd., United Spirits Ltd., Varun Beverages Ltd.
ITC Ltd.,ITC,Fast Moving Consumer Goods,NIFTY FMCG,Britannia Industries Ltd., Colgate Palmolive (India) Ltd., Dabur India Ltd., Emami Ltd., Godrej Consumer Products Ltd., Hindustan Unilever Ltd., Marico Ltd., Nestle India Ltd., Patanjali Foods Ltd., Radico Khaitan Ltd, Tata Consumer Products Ltd., United Breweries Ltd., United Spirits Ltd., Varun Beverages Ltd.
Marico Ltd.,MARICO,Fast Moving Consumer Goods,NIFTY FMCG,Britannia Industries Ltd., Colgate Palmolive (India) Ltd., Dabur India Ltd., Emami Ltd., Godrej Consumer Products Ltd., Hindustan Unilever Ltd., ITC Ltd., Nestle India Ltd., Patanjali Foods Ltd., Radico Khaitan Ltd, Tata Consumer Products Ltd., United Breweries Ltd., United Spirits Ltd., Varun Beverages Ltd.
Nestle India Ltd.,NESTLEIND,Fast Moving Consumer Goods,NIFTY FMCG,Britannia Industries Ltd., Colgate Palmolive (India) Ltd., Dabur India Ltd., Emami Ltd., Godrej Consumer Products Ltd., Hindustan Unilever Ltd., ITC Ltd., Marico Ltd., Patanjali Foods Ltd., Radico Khaitan Ltd, Tata Consumer Products Ltd., United Breweries Ltd., United Spirits Ltd., Varun Beverages Ltd.
Patanjali Foods Ltd.,PATANJALI,Fast Moving Consumer Goods,NIFTY FMCG,Britannia Industries Ltd., Colgate Palmolive (India) Ltd., Dabur India Ltd., Emami Ltd., Godrej Consumer Products Ltd., Hindustan Unilever Ltd., ITC Ltd., Marico Ltd., Nestle India Ltd., Radico Khaitan Ltd, Tata Consumer Products Ltd., United Breweries Ltd., United Spirits Ltd., Varun Beverages Ltd.
Radico Khaitan Ltd,RADICO,Fast Moving Consumer Goods,NIFTY FMCG,Britannia Industries Ltd., Colgate Palmolive (India) Ltd., Dabur India Ltd., Emami Ltd., Godrej Consumer Products Ltd., Hindustan Unilever Ltd., ITC Ltd., Marico Ltd., Nestle India Ltd., Patanjali Foods Ltd., Tata Consumer Products Ltd., United Breweries Ltd., United Spirits Ltd., Varun Beverages Ltd.
Tata Consumer Products Ltd.,TATACONSUM,Fast Moving Consumer Goods,NIFTY FMCG,Britannia Industries Ltd., Colgate Palmolive (India) Ltd., Dabur India Ltd., Emami Ltd., Godrej Consumer Products Ltd., Hindustan Unilever Ltd., ITC Ltd., Marico Ltd., Nestle India Ltd., Patanjali Foods Ltd., Radico Khaitan Ltd, United Breweries Ltd., United Spirits Ltd., Varun Beverages Ltd.
United Breweries Ltd.,UBL,Fast Moving Consumer Goods,NIFTY FMCG,Britannia Industries Ltd., Colgate Palmolive (India) Ltd., Dabur India Ltd., Emami Ltd., Godrej Consumer Products Ltd., Hindustan Unilever Ltd., ITC Ltd., Marico Ltd., Nestle India Ltd., Patanjali Foods Ltd., Radico Khaitan Ltd, Tata Consumer Products Ltd., United Spirits Ltd., Varun Beverages Ltd.
United Spirits Ltd.,UNITDSPR,Fast Moving Consumer Goods,NIFTY FMCG,Britannia Industries Ltd., Colgate Palmolive (India) Ltd., Dabur India Ltd., Emami Ltd., Godrej Consumer Products Ltd., Hindustan Unilever Ltd., ITC Ltd., Marico Ltd., Nestle India Ltd., Patanjali Foods Ltd., Radico Khaitan Ltd, Tata Consumer Products Ltd., United Breweries Ltd., Varun Beverages Ltd.
Varun Beverages Ltd.,VBL,Fast Moving Consumer Goods,NIFTY FMCG,Britannia Industries Ltd., Colgate Palmolive (India) Ltd., Dabur India Ltd., Emami Ltd., Godrej Consumer Products Ltd., Hindustan Unilever Ltd., ITC Ltd., Marico Ltd., Nestle India Ltd., Patanjali Foods Ltd., Radico Khaitan Ltd, Tata Consumer Products Ltd., United Breweries Ltd., United Spirits Ltd.
AU Small Finance Bank Ltd.,AUBANK,Financial Services,NIFTY FINANCIAL SERVICES,Axis Bank Ltd., Bajaj Finance Ltd., Bajaj Finserv Ltd., Cholamandalam Investment and Finance Company Ltd., HDFC Asset Management Company Ltd., HDFC Bank Ltd., HDFC Life Insurance Company Ltd., ICICI Bank Ltd., ICICI Lombard General Insurance Company Ltd., ICICI Prudential Life Insurance Company Ltd., Jio Financial Services Ltd., Kotak Mahindra Bank Ltd., LIC Housing Finance Ltd., Muthoot Finance Ltd., Power Finance Corporation Ltd., REC Ltd., SBI Cards and Payment Services Ltd., SBI Life Insurance Company Ltd., Shriram Finance Ltd., State Bank of India
Axis Bank Ltd.,AXISBANK,Financial Services,NIFTY FINANCIAL SERVICES,AU Small Finance Bank Ltd., Bajaj Finance Ltd., Bajaj Finserv Ltd., Cholamandalam Investment and Finance Company Ltd., HDFC Asset Management Company Ltd., HDFC Bank Ltd., HDFC Life Insurance Company Ltd., ICICI Bank Ltd., ICICI Lombard General Insurance Company Ltd., ICICI Prudential Life Insurance Company Ltd., Jio Financial Services Ltd., Kotak Mahindra Bank Ltd., LIC Housing Finance Ltd., Muthoot Finance Ltd., Power Finance Corporation Ltd., REC Ltd., SBI Cards and Payment Services Ltd., SBI Life Insurance Company Ltd., Shriram Finance Ltd., State Bank of India
Bajaj Finance Ltd.,BAJFINANCE,Financial Services,NIFTY FINANCIAL SERVICES,AU Small Finance Bank Ltd., Axis Bank Ltd., Bajaj Finserv Ltd., Cholamandalam Investment and Finance Company Ltd., HDFC Asset Management Company Ltd., HDFC Bank Ltd., HDFC Life Insurance Company Ltd., ICICI Bank Ltd., ICICI Lombard General Insurance Company Ltd., ICICI Prudential Life Insurance Company Ltd., Jio Financial Services Ltd., Kotak Mahindra Bank Ltd., LIC Housing Finance Ltd., Muthoot Finance Ltd., Power Finance Corporation Ltd., REC Ltd., SBI Cards and Payment Services Ltd., SBI Life Insurance Company Ltd., Shriram Finance Ltd., State Bank of India
Bajaj Finserv Ltd.,BAJAJFINSV,Financial Services,NIFTY FINANCIAL SERVICES,AU Small Finance Bank Ltd., Axis Bank Ltd., Bajaj Finance Ltd., Cholamandalam Investment and Finance Company Ltd., HDFC Asset Management Company Ltd., HDFC Bank Ltd., HDFC Life Insurance Company Ltd., ICICI Bank Ltd., ICICI Lombard General Insurance Company Ltd., ICICI Prudential Life Insurance Company Ltd., Jio Financial Services Ltd., Kotak Mahindra Bank Ltd., LIC Housing Finance Ltd., Muthoot Finance Ltd., Power Finance Corporation Ltd., REC Ltd., SBI Cards and Payment Services Ltd., SBI Life Insurance Company Ltd., Shriram Finance Ltd., State Bank of India
Cholamandalam Investment and Finance Company Ltd.,CHOLAFIN,Financial Services,NIFTY FINANCIAL SERVICES,AU Small Finance Bank Ltd., Axis Bank Ltd., Bajaj Finance Ltd., Bajaj Finserv Ltd., HDFC Asset Management Company Ltd., HDFC Bank Ltd., HDFC Life Insurance Company Ltd., ICICI Bank Ltd., ICICI Lombard General Insurance Company Ltd., ICICI Prudential Life Insurance Company Ltd., Jio Financial Services Ltd., Kotak Mahindra Bank Ltd., LIC Housing Finance Ltd., Muthoot Finance Ltd., Power Finance Corporation Ltd., REC Ltd., SBI Cards and Payment Services Ltd., SBI Life Insurance Company Ltd., Shriram Finance Ltd., State Bank of India
HDFC Asset Management Company Ltd.,HDFCAMC,Financial Services,NIFTY FINANCIAL SERVICES,AU Small Finance Bank Ltd., Axis Bank Ltd., Bajaj Finance Ltd., Bajaj Finserv Ltd., Cholamandalam Investment and Finance Company Ltd., HDFC Bank Ltd., HDFC Life Insurance Company Ltd., ICICI Bank Ltd., ICICI Lombard General Insurance Company Ltd., ICICI Prudential Life Insurance Company Ltd., Jio Financial Services Ltd., Kotak Mahindra Bank Ltd., LIC Housing Finance Ltd., Muthoot Finance Ltd., Power Finance Corporation Ltd., REC Ltd., SBI Cards and Payment Services Ltd., SBI Life Insurance Company Ltd., Shriram Finance Ltd., State Bank of India
HDFC Bank Ltd.,HDFCBANK,Financial Services,NIFTY FINANCIAL SERVICES,AU Small Finance Bank Ltd., Axis Bank Ltd., Bajaj Finance Ltd., Bajaj Finserv Ltd., Cholamandalam Investment and Finance Company Ltd., HDFC Asset Management Company Ltd., HDFC Life Insurance Company Ltd., ICICI Bank Ltd., ICICI Lombard General Insurance Company Ltd., ICICI Prudential Life Insurance Company Ltd., Jio Financial Services Ltd., Kotak Mahindra Bank Ltd., LIC Housing Finance Ltd., Muthoot Finance Ltd., Power Finance Corporation Ltd., REC Ltd., SBI Cards and Payment Services Ltd., SBI Life Insurance Company Ltd., Shriram Finance Ltd., State Bank of India
HDFC Life Insurance Company Ltd.,HDFCLIFE,Financial Services,NIFTY FINANCIAL SERVICES,AU Small Finance Bank Ltd., Axis Bank Ltd., Bajaj Finance Ltd., Bajaj Finserv Ltd., Cholamandalam Investment and Finance Company Ltd., HDFC Asset Management Company Ltd., HDFC Bank Ltd., ICICI Bank Ltd., ICICI Lombard General Insurance Company Ltd., ICICI Prudential Life Insurance Company Ltd., Jio Financial Services Ltd., Kotak Mahindra Bank Ltd., LIC Housing Finance Ltd., Muthoot Finance Ltd., Power Finance Corporation Ltd., REC Ltd., SBI Cards and Payment Services Ltd., SBI Life Insurance Company Ltd., Shriram Finance Ltd., State Bank of India
ICICI Bank Ltd.,ICICIBANK,Financial Services,NIFTY FINANCIAL SERVICES,AU Small Finance Bank Ltd., Axis Bank Ltd., Bajaj Finance Ltd., Bajaj Finserv Ltd., Cholamandalam Investment and Finance Company Ltd., HDFC Asset Management Company Ltd., HDFC Bank Ltd., HDFC Life Insurance Company Ltd., ICICI Lombard General Insurance Company Ltd., ICICI Prudential Life Insurance Company Ltd., Jio Financial Services Ltd., Kotak Mahindra Bank Ltd., LIC Housing Finance Ltd., Muthoot Finance Ltd., Power Finance Corporation Ltd., REC Ltd., SBI Cards and Payment Services Ltd., SBI Life Insurance Company Ltd., Shriram Finance Ltd., State Bank of India
ICICI Lombard General Insurance Company Ltd.,ICICIGI,Financial Services,NIFTY FINANCIAL SERVICES,AU Small Finance Bank Ltd., Axis Bank Ltd., Bajaj Finance Ltd., Bajaj Finserv Ltd., Cholamandalam Investment and Finance Company Ltd., HDFC Asset Management Company Ltd., HDFC Bank Ltd., HDFC Life Insurance Company Ltd., ICICI Bank Ltd., ICICI Prudential Life Insurance Company Ltd., Jio Financial Services Ltd., Kotak Mahindra Bank Ltd., LIC Housing Finance Ltd., Muthoot Finance Ltd., Power Finance Corporation Ltd., REC Ltd., SBI Cards and Payment Services Ltd., SBI Life Insurance Company Ltd., Shriram Finance Ltd., State Bank of India
ICICI Prudential Life Insurance Company Ltd.,ICICIPRULI,Financial Services,NIFTY FINANCIAL SERVICES,AU Small Finance Bank Ltd., Axis Bank Ltd., Bajaj Finance Ltd., Bajaj Finserv Ltd., Cholamandalam Investment and Finance Company Ltd., HDFC Asset Management Company Ltd., HDFC Bank Ltd., HDFC Life Insurance Company Ltd., ICICI Bank Ltd., ICICI Lombard General Insurance Company Ltd., Jio Financial Services Ltd., Kotak Mahindra Bank Ltd., LIC Housing Finance Ltd., Muthoot Finance Ltd., Power Finance Corporation Ltd., REC Ltd., SBI Cards and Payment Services Ltd., SBI Life Insurance Company Ltd., Shriram Finance Ltd., State Bank of India
Jio Financial Services Ltd.,JIOFIN,Financial Services,NIFTY FINANCIAL SERVICES,AU Small Finance Bank Ltd., Axis Bank Ltd., Bajaj Finance Ltd., Bajaj Finserv Ltd., Cholamandalam Investment and Finance Company Ltd., HDFC Asset Management Company Ltd., HDFC Bank Ltd., HDFC Life Insurance Company Ltd., ICICI Bank Ltd., ICICI Lombard General Insurance Company Ltd., ICICI Prudential Life Insurance Company Ltd., Kotak Mahindra Bank Ltd., LIC Housing Finance Ltd., Muthoot Finance Ltd., Power Finance Corporation Ltd., REC Ltd., SBI Cards and Payment Services Ltd., SBI Life Insurance Company Ltd., Shriram Finance Ltd., State Bank of India
Kotak Mahindra Bank Ltd.,KOTAKBANK,Financial Services,NIFTY FINANCIAL SERVICES,AU Small Finance Bank Ltd., Axis Bank Ltd., Bajaj Finance Ltd., Bajaj Finserv Ltd., Cholamandalam Investment and Finance Company Ltd., HDFC Asset Management Company Ltd., HDFC Bank Ltd., HDFC Life Insurance Company Ltd., ICICI Bank Ltd., ICICI Lombard General Insurance Company Ltd., ICICI Prudential Life Insurance Company Ltd., Jio Financial Services Ltd., LIC Housing Finance Ltd., Muthoot Finance Ltd., Power Finance Corporation Ltd., REC Ltd., SBI Cards and Payment Services Ltd., SBI Life Insurance Company Ltd., Shriram Finance Ltd., State Bank of India
LIC Housing Finance Ltd.,LICHSGFIN,Financial Services,NIFTY FINANCIAL SERVICES,AU Small Finance Bank Ltd., Axis Bank Ltd., Bajaj Finance Ltd., Bajaj Finserv Ltd., Cholamandalam Investment and Finance Company Ltd., HDFC Asset Management Company Ltd., HDFC Bank Ltd., HDFC Life Insurance Company Ltd., ICICI Bank Ltd., ICICI Lombard General Insurance Company Ltd., ICICI Prudential Life Insurance Company Ltd., Jio Financial Services Ltd., Kotak Mahindra Bank Ltd., Muthoot Finance Ltd., Power Finance Corporation Ltd., REC Ltd., SBI Cards and Payment Services Ltd., SBI Life Insurance Company Ltd., Shriram Finance Ltd., State Bank of India
Muthoot Finance Ltd.,MUTHOOTFIN,Financial Services,NIFTY FINANCIAL SERVICES,AU Small Finance Bank Ltd., Axis Bank Ltd., Bajaj Finance Ltd., Bajaj Finserv Ltd., Cholamandalam Investment and Finance Company Ltd., HDFC Asset Management Company Ltd., HDFC Bank Ltd., HDFC Life Insurance Company Ltd., ICICI Bank Ltd., ICICI Lombard General Insurance Company Ltd., ICICI Prudential Life Insurance Company Ltd., Jio Financial Services Ltd., Kotak Mahindra Bank Ltd., LIC Housing Finance Ltd., Power Finance Corporation Ltd., REC Ltd., SBI Cards and Payment Services Ltd., SBI Life Insurance Company Ltd., Shriram Finance Ltd., State Bank of India
Power Finance Corporation Ltd.,PFC,Financial Services,NIFTY FINANCIAL SERVICES,AU Small Finance Bank Ltd., Axis Bank Ltd., Bajaj Finance Ltd., Bajaj Finserv Ltd., Cholamandalam Investment and Finance Company Ltd., HDFC Asset Management Company Ltd., HDFC Bank Ltd., HDFC Life Insurance Company Ltd., ICICI Bank Ltd., ICICI Lombard General Insurance Company Ltd., ICICI Prudential Life Insurance Company Ltd., Jio Financial Services Ltd., Kotak Mahindra Bank Ltd., LIC Housing Finance Ltd., Muthoot Finance Ltd., REC Ltd., SBI Cards and Payment Services Ltd., SBI Life Insurance Company Ltd., Shriram Finance Ltd., State Bank of India
REC Ltd.,RECLTD,Financial Services,NIFTY FINANCIAL SERVICES,AU Small Finance Bank Ltd., Axis Bank Ltd., Bajaj Finance Ltd., Bajaj Finserv Ltd., Cholamandalam Investment and Finance Company Ltd., HDFC Asset Management Company Ltd., HDFC Bank Ltd., HDFC Life Insurance Company Ltd., ICICI Bank Ltd., ICICI Lombard General Insurance Company Ltd., ICICI Prudential Life Insurance Company Ltd., Jio Financial Services Ltd., Kotak Mahindra Bank Ltd., LIC Housing Finance Ltd., Muthoot Finance Ltd., Power Finance Corporation Ltd., SBI Cards and Payment Services Ltd., SBI Life Insurance Company Ltd., Shriram Finance Ltd., State Bank of India
SBI Cards and Payment Services Ltd.,SBICARD,Financial Services,NIFTY FINANCIAL SERVICES,AU Small Finance Bank Ltd., Axis Bank Ltd., Bajaj Finance Ltd., Bajaj Finserv Ltd., Cholamandalam Investment and Finance Company Ltd., HDFC Asset Management Company Ltd., HDFC Bank Ltd., HDFC Life Insurance Company Ltd., ICICI Bank Ltd., ICICI Lombard General Insurance Company Ltd., ICICI Prudential Life Insurance Company Ltd., Jio Financial Services Ltd., Kotak Mahindra Bank Ltd., LIC Housing Finance Ltd., Muthoot Finance Ltd., Power Finance Corporation Ltd., REC Ltd., SBI Life Insurance Company Ltd., Shriram Finance Ltd., State Bank of India
SBI Life Insurance Company Ltd.,SBILIFE,Financial Services,NIFTY FINANCIAL SERVICES,AU Small Finance Bank Ltd., Axis Bank Ltd., Bajaj Finance Ltd., Bajaj Finserv Ltd., Cholamandalam Investment and Finance Company Ltd., HDFC Asset Management Company Ltd., HDFC Bank Ltd., HDFC Life Insurance Company Ltd., ICICI Bank Ltd., ICICI Lombard General Insurance Company Ltd., ICICI Prudential Life Insurance Company Ltd., Jio Financial Services Ltd., Kotak Mahindra Bank Ltd., LIC Housing Finance Ltd., Muthoot Finance Ltd., Power Finance Corporation Ltd., REC Ltd., SBI Cards and Payment Services Ltd., Shriram Finance Ltd., State Bank of India
Shriram Finance Ltd.,SHRIRAMFIN,Financial Services,NIFTY FINANCIAL SERVICES,AU Small Finance Bank Ltd., Axis Bank Ltd., Bajaj Finance Ltd., Bajaj Finserv Ltd., Cholamandalam Investment and Finance Company Ltd., HDFC Asset Management Company Ltd., HDFC Bank Ltd., HDFC Life Insurance Company Ltd., ICICI Bank Ltd., ICICI Lombard General Insurance Company Ltd., ICICI Prudential Life Insurance Company Ltd., Jio Financial Services Ltd., Kotak Mahindra Bank Ltd., LIC Housing Finance Ltd., Muthoot Finance Ltd., Power Finance Corporation Ltd., REC Ltd., SBI Cards and Payment Services Ltd., SBI Life Insurance Company Ltd., State Bank of India
State Bank of India,SBIN,Financial Services,NIFTY FINANCIAL SERVICES,AU Small Finance Bank Ltd., Axis Bank Ltd., Bajaj Finance Ltd., Bajaj Finserv Ltd., Cholamandalam Investment and Finance Company Ltd., HDFC Asset Management Company Ltd., HDFC Bank Ltd., HDFC Life Insurance Company Ltd., ICICI Bank Ltd., ICICI Lombard General Insurance Company Ltd., ICICI Prudential Life Insurance Company Ltd., Jio Financial Services Ltd., Kotak Mahindra Bank Ltd., LIC Housing Finance Ltd., Muthoot Finance Ltd., Power Finance Corporation Ltd., REC Ltd., SBI Cards and Payment Services Ltd., SBI Life Insurance Company Ltd., Shriram Finance Ltd.
Bajaj Auto Ltd.,BAJAJ-AUTO,Automobile and Auto Components,NIFTY AUTO,Ashok Leyland Ltd., Balkrishna Industries Ltd., Bharat Forge Ltd., Bosch Ltd., Eicher Motors Ltd., Exide Industries Ltd., Hero MotoCorp Ltd., MRF Ltd., Mahindra & Mahindra Ltd., Maruti Suzuki India Ltd., Samvardhana Motherson International Ltd., TVS Motor Company Ltd., Tata Motors Ltd., Tube Investments of India Ltd.
Balkrishna Industries Ltd.,BALKRISIND,Automobile and Auto Components,NIFTY AUTO,Ashok Leyland Ltd., Bajaj Auto Ltd., Bharat Forge Ltd., Bosch Ltd., Eicher Motors Ltd., Exide Industries Ltd., Hero MotoCorp Ltd., MRF Ltd., Mahindra & Mahindra Ltd., Maruti Suzuki India Ltd., Samvardhana Motherson International Ltd., TVS Motor Company Ltd., Tata Motors Ltd., Tube Investments of India Ltd.
Bosch Ltd.,BOSCHLTD,Automobile and Auto Components,NIFTY AUTO,Ashok Leyland Ltd., Bajaj Auto Ltd., Balkrishna Industries Ltd., Bharat Forge Ltd., Eicher Motors Ltd., Exide Industries Ltd., Hero MotoCorp Ltd., MRF Ltd., Mahindra & Mahindra Ltd., Maruti Suzuki India Ltd., Samvardhana Motherson International Ltd., TVS Motor Company Ltd., Tata Motors Ltd., Tube Investments of India Ltd.
Eicher Motors Ltd.,EICHERMOT,Automobile and Auto Components,NIFTY AUTO,Ashok Leyland Ltd., Bajaj Auto Ltd., Balkrishna Industries Ltd., Bharat Forge Ltd., Bosch Ltd., Exide Industries Ltd., Hero MotoCorp Ltd., MRF Ltd., Mahindra & Mahindra Ltd., Maruti Suzuki India Ltd., Samvardhana Motherson International Ltd., TVS Motor Company Ltd., Tata Motors Ltd., Tube Investments of India Ltd.
Exide Industries Ltd.,EXIDEIND,Automobile and Auto Components,NIFTY AUTO,Ashok Leyland Ltd., Bajaj Auto Ltd., Balkrishna Industries Ltd., Bharat Forge Ltd., Bosch Ltd., Eicher Motors Ltd., Hero MotoCorp Ltd., MRF Ltd., Mahindra & Mahindra Ltd., Maruti Suzuki India Ltd., Samvardhana Motherson International Ltd., TVS Motor Company Ltd., Tata Motors Ltd., Tube Investments of India Ltd.
Hero MotoCorp Ltd.,HEROMOTOCO,Automobile and Auto Components,NIFTY AUTO,Ashok Leyland Ltd., Bajaj Auto Ltd., Balkrishna Industries Ltd., Bharat Forge Ltd., Bosch Ltd., Eicher Motors Ltd., Exide Industries Ltd., MRF Ltd., Mahindra & Mahindra Ltd., Maruti Suzuki India Ltd., Samvardhana Motherson International Ltd., TVS Motor Company Ltd., Tata Motors Ltd., Tube Investments of India Ltd.
MRF Ltd.,MRF,Automobile and Auto Components,NIFTY AUTO,Ashok Leyland Ltd., Bajaj Auto Ltd., Balkrishna Industries Ltd., Bharat Forge Ltd., Bosch Ltd., Eicher Motors Ltd., Exide Industries Ltd., Hero MotoCorp Ltd., Mahindra & Mahindra Ltd., Maruti Suzuki India Ltd., Samvardhana Motherson International Ltd., TVS Motor Company Ltd., Tata Motors Ltd., Tube Investments of India Ltd.
Mahindra & Mahindra Ltd.,M&M,Automobile and Auto Components,NIFTY AUTO,Ashok Leyland Ltd., Bajaj Auto Ltd., Balkrishna Industries Ltd., Bharat Forge Ltd., Bosch Ltd., Eicher Motors Ltd., Exide Industries Ltd., Hero MotoCorp Ltd., MRF Ltd., Maruti Suzuki India Ltd., Samvardhana Motherson International Ltd., TVS Motor Company Ltd., Tata Motors Ltd., Tube Investments of India Ltd.
Maruti Suzuki India Ltd.,MARUTI,Automobile and Auto Components,NIFTY AUTO,Ashok Leyland Ltd., Bajaj Auto Ltd., Balkrishna Industries Ltd., Bharat Forge Ltd., Bosch Ltd., Eicher Motors Ltd., Exide Industries Ltd., Hero MotoCorp Ltd., MRF Ltd., Mahindra & Mahindra Ltd., Samvardhana Motherson International Ltd., TVS Motor Company Ltd., Tata Motors Ltd., Tube Investments of India Ltd.
Samvardhana Motherson International Ltd.,MOTHERSON,Automobile and Auto Components,NIFTY AUTO,Ashok Leyland Ltd., Bajaj Auto Ltd., Balkrishna Industries Ltd., Bharat Forge Ltd., Bosch Ltd., Eicher Motors Ltd., Exide Industries Ltd., Hero MotoCorp Ltd., MRF Ltd., Mahindra & Mahindra Ltd., Maruti Suzuki India Ltd., TVS Motor Company Ltd., Tata Motors Ltd., Tube Investments of India Ltd.
TVS Motor Company Ltd.,TVSMOTOR,Automobile and Auto Components,NIFTY AUTO,Ashok Leyland Ltd., Bajaj Auto Ltd., Balkrishna Industries Ltd., Bharat Forge Ltd., Bosch Ltd., Eicher Motors Ltd., Exide Industries Ltd., Hero MotoCorp Ltd., MRF Ltd., Mahindra & Mahindra Ltd., Maruti Suzuki India Ltd., Samvardhana Motherson International Ltd., Tata Motors Ltd., Tube Investments of India Ltd.
Tata Motors Ltd.,TATAMOTORS,Automobile and Auto Components,NIFTY AUTO,Ashok Leyland Ltd., Bajaj Auto Ltd., Balkrishna Industries Ltd., Bharat Forge Ltd., Bosch Ltd., Eicher Motors Ltd., Exide Industries Ltd., Hero MotoCorp Ltd., MRF Ltd., Mahindra & Mahindra Ltd., Maruti Suzuki India Ltd., Samvardhana Motherson International Ltd., TVS Motor Company Ltd., Tube Investments of India Ltd.
Tube Investments of India Ltd.,TIINDIA,Automobile and Auto Components,NIFTY AUTO,Ashok Leyland Ltd., Bajaj Auto Ltd., Balkrishna Industries Ltd., Bharat Forge Ltd., Bosch Ltd., Eicher Motors Ltd., Exide Industries Ltd., Hero MotoCorp Ltd., MRF Ltd., Mahindra & Mahindra Ltd., Maruti Suzuki India Ltd., Samvardhana Motherson International Ltd., TVS Motor Company Ltd., Tata Motors Ltd.
Bharat Electronics Ltd.,BEL,Capital Goods,NIFTY INDIA MANUFACTURING,ABB India Ltd., Bharat Heavy Electricals Ltd., CG Power and Industrial Solutions Ltd., GE Vernova T&D India Ltd., Hitachi Energy India Ltd., Inox Wind Ltd., Siemens Ltd., Suzlon Energy Ltd., Thermax Ltd., Triveni Turbine Ltd., APL Apollo Tubes Ltd., Welspun Corp Ltd.
Cochin Shipyard Ltd.,COCHINSHIP,Capital Goods,NIFTY INDIA MANUFACTURING,ABB India Ltd., Bharat Heavy Electricals Ltd., CG Power and Industrial Solutions Ltd., GE Vernova T&D India Ltd., Hitachi Energy India Ltd., Inox Wind Ltd., Siemens Ltd., Suzlon Energy Ltd., Thermax Ltd., Triveni Turbine Ltd., APL Apollo Tubes Ltd., Welspun Corp Ltd.
NBCC (India) Ltd.,NBCC,Construction,NIFTY INFRA,
PI Industries Ltd.,PIIND,Chemicals,NIFTY CHEMICALS,Pidilite Industries Ltd., SRF Ltd., UPL Ltd.
Pidilite Industries Ltd.,PIDILITIND,Chemicals,NIFTY CHEMICALS,PI Industries Ltd., SRF Ltd., UPL Ltd.
SRF Ltd.,SRF,Chemicals,NIFTY CHEMICALS,PI Industries Ltd., Pidilite Industries Ltd., UPL Ltd.
UPL Ltd.,UPL,Chemicals,NIFTY CHEMICALS,PI Industries Ltd., Pidilite Industries Ltd., SRF Ltd.
Bank of Baroda,BANKBARODA,Financial Services,NIFTY FINANCIAL SERVICES,AU Small Finance Bank Ltd., Axis Bank Ltd., Bajaj Finance Ltd., Bajaj Finserv Ltd., Cholamandalam Investment and Finance Company Ltd., HDFC Asset Management Company Ltd., HDFC Bank Ltd., HDFC Life Insurance Company Ltd., ICICI Bank Ltd., ICICI Lombard General Insurance Company Ltd., ICICI Prudential Life Insurance Company Ltd., Jio Financial Services Ltd., Kotak Mahindra Bank Ltd., LIC Housing Finance Ltd., Muthoot Finance Ltd., Power Finance Corporation Ltd., REC Ltd., SBI Cards and Payment Services Ltd., SBI Life Insurance Company Ltd., Shriram Finance Ltd., State Bank of India
Canara Bank,CANBK,Financial Services,NIFTY FINANCIAL SERVICES,AU Small Finance Bank Ltd., Axis Bank Ltd., Bajaj Finance Ltd., Bajaj Finserv Ltd., Cholamandalam Investment and Finance Company Ltd., HDFC Asset Management Company Ltd., HDFC Bank Ltd., HDFC Life Insurance Company Ltd., ICICI Bank Ltd., ICICI Lombard General Insurance Company Ltd., ICICI Prudential Life Insurance Company Ltd., Jio Financial Services Ltd., Kotak Mahindra Bank Ltd., LIC Housing Finance Ltd., Muthoot Finance Ltd., Power Finance Corporation Ltd., REC Ltd., SBI Cards and Payment Services Ltd., SBI Life Insurance Company Ltd., Shriram Finance Ltd., State Bank of India
Federal Bank Ltd.,FEDERALBNK,Financial Services,NIFTY FINANCIAL SERVICES,AU Small Finance Bank Ltd., Axis Bank Ltd., Bajaj Finance Ltd., Bajaj Finserv Ltd., Cholamandalam Investment and Finance Company Ltd., HDFC Asset Management Company Ltd., HDFC Bank Ltd., HDFC Life Insurance Company Ltd., ICICI Bank Ltd., ICICI Lombard General Insurance Company Ltd., ICICI Prudential Life Insurance Company Ltd., Jio Financial Services Ltd., Kotak Mahindra Bank Ltd., LIC Housing Finance Ltd., Muthoot Finance Ltd., Power Finance Corporation Ltd., REC Ltd., SBI Cards and Payment Services Ltd., SBI Life Insurance Company Ltd., Shriram Finance Ltd., State Bank of India
IDFC First Bank Ltd.,IDFCFIRSTB,Financial Services,NIFTY FINANCIAL SERVICES,AU Small Finance Bank Ltd., Axis Bank Ltd., Bajaj Finance Ltd., Bajaj Finserv Ltd., Cholamandalam Investment and Finance Company Ltd., HDFC Asset Management Company Ltd., HDFC Bank Ltd., HDFC Life Insurance Company Ltd., ICICI Bank Ltd., ICICI Lombard General Insurance Company Ltd., ICICI Prudential Life Insurance Company Ltd., Jio Financial Services Ltd., Kotak Mahindra Bank Ltd., LIC Housing Finance Ltd., Muthoot Finance Ltd., Power Finance Corporation Ltd., REC Ltd., SBI Cards and Payment Services Ltd., SBI Life Insurance Company Ltd., Shriram Finance Ltd., State Bank of India
IndusInd Bank Ltd.,INDUSINDBK,Financial Services,NIFTY FINANCIAL SERVICES,AU Small Finance Bank Ltd., Axis Bank Ltd., Bajaj Finance Ltd., Bajaj Finserv Ltd., Cholamandalam Investment and Finance Company Ltd., HDFC Asset Management Company Ltd., HDFC Bank Ltd., HDFC Life Insurance Company Ltd., ICICI Bank Ltd., ICICI Lombard General Insurance Company Ltd., ICICI Prudential Life Insurance Company Ltd., Jio Financial Services Ltd., Kotak Mahindra Bank Ltd., LIC Housing Finance Ltd., Muthoot Finance Ltd., Power Finance Corporation Ltd., REC Ltd., SBI Cards and Payment Services Ltd., SBI Life Insurance Company Ltd., Shriram Finance Ltd., State Bank of India
Punjab National Bank,PNB,Financial Services,NIFTY FINANCIAL SERVICES,AU Small Finance Bank Ltd., Axis Bank Ltd., Bajaj Finance Ltd., Bajaj Finserv Ltd., Cholamandalam Investment and Finance Company Ltd., HDFC Asset Management Company Ltd., HDFC Bank Ltd., HDFC Life Insurance Company Ltd., ICICI Bank Ltd., ICICI Lombard General Insurance Company Ltd., ICICI Prudential Life Insurance Company Ltd., Jio Financial Services Ltd., Kotak Mahindra Bank Ltd., LIC Housing Finance Ltd., Muthoot Finance Ltd., Power Finance Corporation Ltd., REC Ltd., SBI Cards and Payment Services Ltd., SBI Life Insurance Company Ltd., Shriram Finance Ltd., State Bank of India